[
    {
        "model": "job_manager.jobtype",
        "pk": 1,
        "fields": {
            "created_at": "2024-05-20T12:45:20.403Z",
            "updated_at": "2024-05-20T12:45:20.405Z",
            "created_by": null,
            "updated_by": null,
            "custom_fields": {},
            "external_id": "EXTERNAL_ID_1",
            "notes": "Job type 1 notes",
            "name": "JOB_TYPE_1"
        }
    },
    {
        "model": "job_manager.jobtype",
        "pk": 2,
        "fields": {
            "created_at": "2024-05-20T12:45:20.403Z",
            "updated_at": "2024-05-20T12:45:20.405Z",
            "created_by": null,
            "updated_by": null,
            "custom_fields": {},
            "external_id": "EXTERNAL_ID_2",
            "notes": "Job type 2 notes",
            "name": "JOB_TYPE_2"
        }
    },
    {
        "model": "job_manager.jobtype",
        "pk": 3,
        "fields": {
            "created_at": "2024-05-20T12:45:20.404Z",
            "updated_at": "2024-05-20T12:45:20.405Z",
            "created_by": null,
            "updated_by": null,
            "custom_fields": {},
            "external_id": "EXTERNAL_ID_3",
            "notes": "Job type 3 notes",
            "name": "JOB_TYPE_3"
        }
    },
    {
        "model": "job_manager.jobtype",
        "pk": 4,
        "fields": {
            "created_at": "2024-05-20T12:45:20.404Z",
            "updated_at": "2024-05-20T12:45:20.405Z",
            "created_by": null,
            "updated_by": null,
            "custom_fields": {},
            "external_id": "EXTERNAL_ID_4",
            "notes": "Job type 4 notes",
            "name": "JOB_TYPE_4"
        }
    },
    {
        "model": "job_manager.jobtype",
        "pk": 5,
        "fields": {
            "created_at": "2024-05-20T12:45:20.405Z",
            "updated_at": "2024-05-20T12:45:20.405Z",
            "created_by": null,
            "updated_by": null,
            "custom_fields": {},
            "external_id": "EXTERNAL_ID_5",
            "notes": "Job type 5 notes",
            "name": "JOB_TYPE_5"
        }
    },
    {
        "model": "job_manager.job",
        "pk": 1,
        "fields": {
            "name": "JOB_NAME_1",
            "description": "Job 1 description",
            "customer": "Customer 1",
            "due_date": "2024-05-20",
            "job_status": "NP",
            "job_type": 1,
            "dependencies": [],
            "priority": 1,
            "planned_start_datetime": null,
            "planned_end_datetime": null,
            "created_at": "2024-05-20T12:45:20.405Z",
            "updated_at": "2024-05-20T12:45:20.405Z",
            "created_by": null,
            "updated_by": null,
            "custom_fields": {},
            "external_id": "EXTERNAL_ID_5"
        }
    },
    {
        "model": "job_manager.job",
        "pk": 2,
        "fields": {
            "name": "JOB_NAME_2",
            "description": "Job 2 description",
            "customer": "Customer 2",
            "due_date": "2024-05-21",
            "job_status": "NP",
            "job_type": 2,
            "dependencies": [],
            "priority": 2,
            "planned_start_datetime": null,
            "planned_end_datetime": null,
            "created_at": "2024-05-20T12:45:20.405Z",
            "updated_at": "2024-05-20T12:45:20.405Z",
            "created_by": null,
            "updated_by": null,
            "custom_fields": {},
            "external_id": "EXTERNAL_ID_5"
        }
    },
    {
        "model": "job_manager.job",
        "pk": 3,
        "fields": {
            "name": "JOB_NAME_3",
            "description": "Job 3 description",
            "customer": "Customer 3",
            "due_date": "2024-05-22",
            "job_status": "NP",
            "job_type": 3,
            "dependencies": [],
            "priority": 3,
            "planned_start_datetime": null,
            "planned_end_datetime": null,
            "created_at": "2024-05-20T12:45:20.405Z",
            "updated_at": "2024-05-20T12:45:20.405Z",
            "created_by": null,
            "updated_by": null,
            "custom_fields": {},
            "external_id": "EXTERNAL_ID_5"
        }
    },
    {
        "model": "job_manager.job",
        "pk": 4,
        "fields": {
            "name": "JOB_NAME_4",
            "description": "Job 4 description",
            "customer": "Customer 4",
            "due_date": "2024-05-23",
            "job_status": "NP",
            "job_type": 4,
            "dependencies": [],
            "priority": 4,
            "planned_start_datetime": null,
            "planned_end_datetime": null,
            "created_at": "2024-05-20T12:45:20.405Z",
            "updated_at": "2024-05-20T12:45:20.405Z",
            "created_by": null,
            "updated_by": null,
            "custom_fields": {},
            "external_id": "EXTERNAL_ID_5"
        }
    },
    {
        "model": "job_manager.job",
        "pk": 5,
        "fields": {
            "name": "JOB_NAME_5",
            "description": "Job 5 description",
            "customer": "Customer 5",
            "due_date": "2024-05-24",
            "job_status": "NP",
            "job_type": 5,
            "dependencies": [],
            "priority": 5,
            "planned_start_datetime": null,
            "planned_end_datetime": null,
            "created_at": "2024-05-20T12:45:20.405Z",
            "updated_at": "2024-05-20T12:45:20.405Z",
            "created_by": null,
            "updated_by": null,
            "custom_fields": {},
            "external_id": "EXTERNAL_ID_5"
        }
    },
    {
        "model": "job_manager.task",
        "pk": 1,
        "fields": {
            "name": "TASK_NAME_1",
            "duration": 60,
            "setup_time": 10,
            "run_time_per_unit": 5,
            "teardown_time": 10,
            "quantity": 10,
            "planned_start_datetime": null,
            "planned_end_datetime": null,
            "item": 5,
            "task_status": "NS",
            "task_type": 1,
            "job": 1,
            "work_center": 1,
            "predecessors": [],
            "dependencies": [],
            "created_at": "2024-05-20T12:45:20.430Z",
            "updated_at": "2024-05-20T12:45:20.430Z",
            "created_by": null,
            "updated_by": null,
            "custom_fields": {}
        }
    },
    {
        "model": "job_manager.task",
        "pk": 2,
        "fields": {
            "name": "TASK_NAME_2",
            "duration": 90,
            "setup_time": 20,
            "run_time_per_unit": 10,
            "teardown_time": 20,
            "quantity": 5,
            "planned_start_datetime": null,
            "planned_end_datetime": null,
            "item": 6,
            "task_status": "NS",
            "task_type": 2,
            "job": 2,
            "work_center": 2,
            "predecessors": [],
            "dependencies": [],
            "created_at": "2024-05-20T12:45:20.430Z",
            "updated_at": "2024-05-20T12:45:20.430Z",
            "created_by": null,
            "updated_by": null,
            "custom_fields": {}
        }
    },
    {
        "model": "job_manager.task",
        "pk": 3,
        "fields": {
            "name": "TASK_NAME_3",
            "duration": 120,
            "setup_time": 30,
            "run_time_per_unit": 15,
            "teardown_time": 30,
            "quantity": 3,
            "planned_start_datetime": null,
            "planned_end_datetime": null,
            "item": 5,
            "task_status": "NS",
            "task_type": 3,
            "job": 2,
            "work_center": 3,
            "predecessors": [],
            "dependencies": [],
            "created_at": "2024-05-20T12:45:20.430Z",
            "updated_at": "2024-05-20T12:45:20.430Z",
            "created_by": null,
            "updated_by": null,
            "custom_fields": {}
        }
    },
    {
        "model": "job_manager.task",
        "pk": 4,
        "fields": {
            "name": "TASK_NAME_4",
            "duration": 180,
            "setup_time": 40,
            "run_time_per_unit": 20,
            "teardown_time": 40,
            "quantity": 2,
            "planned_start_datetime": null,
            "planned_end_datetime": null,
            "item": 6,
            "task_status": "NS",
            "task_type": 4,
            "job": 1,
            "work_center": 4,
            "predecessors": [],
            "dependencies": [],
            "created_at": "2024-05-20T12:45:20.430Z",
            "updated_at": "2024-05-20T12:45:20.430Z",
            "created_by": null,
            "updated_by": null,
            "custom_fields": {}
        }
    },
    {
        "model": "job_manager.task",
        "pk": 5,
        "fields": {
            "name": "TASK_NAME_5",
            "duration": 240,
            "setup_time": 50,
            "run_time_per_unit": 25,
            "teardown_time": 50,
            "quantity": 1,
            "planned_start_datetime": null,
            "planned_end_datetime": null,
            "item": 5,
            "task_status": "NS",
            "task_type": 5,
            "job": 1,
            "work_center": 5,
            "predecessors": [],
            "dependencies": [],
            "created_at": "2024-05-20T12:45:20.430Z",
            "updated_at": "2024-05-20T12:45:20.430Z",
            "created_by": null,
            "updated_by": null,
            "custom_fields": {}
        }
    },
    {
        "model": "job_manager.task",
        "pk": 6,
        "fields": {
            "name": "TASK_NAME_1",
            "duration": 60,
            "setup_time": 10,
            "run_time_per_unit": 5,
            "teardown_time": 10,
            "quantity": 10,
            "planned_start_datetime": null,
            "planned_end_datetime": null,
            "item": 5,
            "task_status": "NS",
            "task_type": 1,
            "job": 1,
            "work_center": 1,
            "predecessors": [],
            "dependencies": [],
            "created_at": "2024-05-20T12:45:20.430Z",
            "updated_at": "2024-05-20T12:45:20.430Z",
            "created_by": null,
            "updated_by": null,
            "custom_fields": {}
        }
    },
    {
        "model": "job_manager.task",
        "pk": 7,
        "fields": {
            "name": "TASK_NAME_2",
            "duration": 90,
            "setup_time": 20,
            "run_time_per_unit": 10,
            "teardown_time": 20,
            "quantity": 5,
            "planned_start_datetime": null,
            "planned_end_datetime": null,
            "item": 6,
            "task_status": "NS",
            "task_type": 2,
            "job": 2,
            "work_center": 2,
            "predecessors": [],
            "dependencies": [],
            "created_at": "2024-05-20T12:45:20.430Z",
            "updated_at": "2024-05-20T12:45:20.430Z",
            "created_by": null,
            "updated_by": null,
            "custom_fields": {}
        }
    },
    {
        "model": "job_manager.task",
        "pk": 8,
        "fields": {
            "name": "TASK_NAME_3",
            "duration": 120,
            "setup_time": 30,
            "run_time_per_unit": 15,
            "teardown_time": 30,
            "quantity": 3,
            "planned_start_datetime": null,
            "planned_end_datetime": null,
            "item": 5,
            "task_status": "NS",
            "task_type": 3,
            "job": 2,
            "work_center": 3,
            "predecessors": [],
            "dependencies": [],
            "created_at": "2024-05-20T12:45:20.430Z",
            "updated_at": "2024-05-20T12:45:20.430Z",
            "created_by": null,
            "updated_by": null,
            "custom_fields": {}
        }
    },
    {
        "model": "job_manager.task",
        "pk": 9,
        "fields": {
            "name": "TASK_NAME_4",
            "duration": 180,
            "setup_time": 40,
            "run_time_per_unit": 20,
            "teardown_time": 40,
            "quantity": 2,
            "planned_start_datetime": null,
            "planned_end_datetime": null,
            "item": 6,
            "task_status": "NS",
            "task_type": 4,
            "job": 1,
            "work_center": 4,
            "predecessors": [],
            "dependencies": [],
            "created_at": "2024-05-20T12:45:20.430Z",
            "updated_at": "2024-05-20T12:45:20.430Z",
            "created_by": null,
            "updated_by": null,
            "custom_fields": {}
        }
    },
    {
        "model": "job_manager.task",
        "pk": 10,
        "fields": {
            "name": "TASK_NAME_5",
            "duration": 240,
            "setup_time": 50,
            "run_time_per_unit": 25,
            "teardown_time": 50,
            "quantity": 1,
            "planned_start_datetime": null,
            "planned_end_datetime": null,
            "item": 5,
            "task_status": "NS",
            "task_type": 5,
            "job": 1,
            "work_center": 5,
            "predecessors": [],
            "dependencies": [],
            "created_at": "2024-05-20T12:45:20.430Z",
            "updated_at": "2024-05-20T12:45:20.430Z",
            "created_by": null,
            "updated_by": null,
            "custom_fields": {}
        }
    },
    {
        "model": "job_manager.task",
        "pk": 11,
        "fields": {
            "name": "TASK_NAME_11",
            "duration": 300,
            "setup_time": 60,
            "run_time_per_unit": 30,
            "teardown_time": 60,
            "quantity": 1,
            "planned_start_datetime": null,
            "planned_end_datetime": null,
            "item": 5,
            "task_status": "NS",
            "task_type": 1,
            "job": 1,
            "work_center": 1,
            "predecessors": [],
            "dependencies": [],
            "created_at": "2024-05-20T12:45:20.430Z",
            "updated_at": "2024-05-20T12:45:20.430Z",
            "created_by": null,
            "updated_by": null,
            "custom_fields": {}
        }
    },
    {
        "model": "job_manager.task",
        "pk": 12,
        "fields": {
            "name": "TASK_NAME_12",
            "duration": 360,
            "setup_time": 70,
            "run_time_per_unit": 35,
            "teardown_time": 70,
            "quantity": 1,
            "planned_start_datetime": null,
            "planned_end_datetime": null,
            "item": 6,
            "task_status": "NS",
            "task_type": 2,
            "job": 2,
            "work_center": 2,
            "predecessors": [],
            "dependencies": [],
            "created_at": "2024-05-20T12:45:20.430Z",
            "updated_at": "2024-05-20T12:45:20.430Z",
            "created_by": null,
            "updated_by": null,
            "custom_fields": {}
        }
    },
    {
        "model": "job_manager.task",
        "pk": 13,
        "fields": {
            "name": "TASK_NAME_13",
            "duration": 420,
            "setup_time": 80,
            "run_time_per_unit": 40,
            "teardown_time": 80,
            "quantity": 1,
            "planned_start_datetime": null,
            "planned_end_datetime": null,
            "item": 5,
            "task_status": "NS",
            "task_type": 3,
            "job": 2,
            "work_center": 3,
            "predecessors": [],
            "dependencies": [],
            "created_at": "2024-05-20T12:45:20.430Z",
            "updated_at": "2024-05-20T12:45:20.430Z",
            "created_by": null,
            "updated_by": null,
            "custom_fields": {}
        }
    },
    {
        "model": "job_manager.task",
        "pk": 14,
        "fields": {
            "name": "TASK_NAME_14",
            "duration": 480,
            "setup_time": 90,
            "run_time_per_unit": 45,
            "teardown_time": 90,
            "quantity": 1,
            "planned_start_datetime": null,
            "planned_end_datetime": null,
            "item": 6,
            "task_status": "NS",
            "task_type": 4,
            "job": 1,
            "work_center": 4,
            "predecessors": [],
            "dependencies": [],
            "created_at": "2024-05-20T12:45:20.430Z",
            "updated_at": "2024-05-20T12:45:20.430Z",
            "created_by": null,
            "updated_by": null,
            "custom_fields": {}
        }
    },
    {
        "model": "job_manager.task",
        "pk": 15,
        "fields": {
            "name": "TASK_NAME_15",
            "duration": 540,
            "setup_time": 100,
            "run_time_per_unit": 50,
            "teardown_time": 100,
            "quantity": 1,
            "planned_start_datetime": null,
            "planned_end_datetime": null,
            "item": 5,
            "task_status": "NS",
            "task_type": 5,
            "job": 1,
            "work_center": 5,
            "predecessors": [],
            "dependencies": [],
            "created_at": "2024-05-20T12:45:20.430Z",
            "updated_at": "2024-05-20T12:45:20.430Z",
            "created_by": null,
            "updated_by": null,
            "custom_fields": {}
        }
    },
    {
        "model": "job_manager.task",
        "pk": 16,
        "fields": {
            "name": "TASK_NAME_16",
            "duration": 600,
            "setup_time": 110,
            "run_time_per_unit": 55,
            "teardown_time": 110,
            "quantity": 1,
            "planned_start_datetime": null,
            "planned_end_datetime": null,
            "item": 5,
            "task_status": "NS",
            "task_type": 1,
            "job": 1,
            "work_center": 1,
            "predecessors": [],
            "dependencies": [],
            "created_at": "2024-05-20T12:45:20.430Z",
            "updated_at": "2024-05-20T12:45:20.430Z",
            "created_by": null,
            "updated_by": null,
            "custom_fields": {}
        }
    },
    {
        "model": "job_manager.task",
        "pk": 17,
        "fields": {
            "name": "TASK_NAME_17",
            "duration": 660,
            "setup_time": 120,
            "run_time_per_unit": 60,
            "teardown_time": 120,
            "quantity": 1,
            "planned_start_datetime": null,
            "planned_end_datetime": null,
            "item": 6,
            "task_status": "NS",
            "task_type": 2,
            "job": 2,
            "work_center": 2,
            "predecessors": [],
            "dependencies": [],
            "created_at": "2024-05-20T12:45:20.430Z",
            "updated_at": "2024-05-20T12:45:20.430Z",
            "created_by": null,
            "updated_by": null,
            "custom_fields": {}
        }
    },
    {
        "model": "job_manager.task",
        "pk": 18,
        "fields": {
            "name": "TASK_NAME_18",
            "duration": 720,
            "setup_time": 130,
            "run_time_per_unit": 65,
            "teardown_time": 130,
            "quantity": 1,
            "planned_start_datetime": null,
            "planned_end_datetime": null,
            "item": 5,
            "task_status": "NS",
            "task_type": 3,
            "job": 2,
            "work_center": 3,
            "predecessors": [],
            "dependencies": [],
            "created_at": "2024-05-20T12:45:20.430Z",
            "updated_at": "2024-05-20T12:45:20.430Z",
            "created_by": null,
            "updated_by": null,
            "custom_fields": {}
        }
    },
    {
        "model": "job_manager.task",
        "pk": 19,
        "fields": {
            "name": "TASK_NAME_19",
            "duration": 780,
            "setup_time": 140,
            "run_time_per_unit": 70,
            "teardown_time": 140,
            "quantity": 1,
            "planned_start_datetime": null,
            "planned_end_datetime": null,
            "item": 6,
            "task_status": "NS",
            "task_type": 4,
            "job": 1,
            "work_center": 4,
            "predecessors": [],
            "dependencies": [],
            "created_at": "2024-05-20T12:45:20.430Z",
            "updated_at": "2024-05-20T12:45:20.430Z",
            "created_by": null,
            "updated_by": null,
            "custom_fields": {}
        }
    },
    {
        "model": "job_manager.task",
        "pk": 20,
        "fields": {
            "name": "TASK_NAME_20",
            "duration": 840,
            "setup_time": 150,
            "run_time_per_unit": 75,
            "teardown_time": 150,
            "quantity": 1,
            "planned_start_datetime": null,
            "planned_end_datetime": null,
            "item": 5,
            "task_status": "NS",
            "task_type": 5,
            "job": 1,
            "work_center": 5,
            "predecessors": [],
            "dependencies": [],
            "created_at": "2024-05-20T12:45:20.430Z",
            "updated_at": "2024-05-20T12:45:20.430Z",
            "created_by": null,
            "updated_by": null,
            "custom_fields": {}
        }
    },
    {
        "model": "job_manager.task",
        "pk": 21,
        "fields": {
            "name": "TASK_NAME_21",
            "duration": 900,
            "setup_time": 160,
            "run_time_per_unit": 80,
            "teardown_time": 160,
            "quantity": 1,
            "planned_start_datetime": null,
            "planned_end_datetime": null,
            "item": 6,
            "task_status": "NS",
            "task_type": 1,
            "job": 2,
            "work_center": 1,
            "predecessors": [],
            "dependencies": [],
            "created_at": "2024-05-20T12:45:20.430Z",
            "updated_at": "2024-05-20T12:45:20.430Z",
            "created_by": null,
            "updated_by": null,
            "custom_fields": {}
        }
    },
    {
        "model": "job_manager.task",
        "pk": 22,
        "fields": {
            "name": "TASK_NAME_22",
            "duration": 960,
            "setup_time": 170,
            "run_time_per_unit": 85,
            "teardown_time": 170,
            "quantity": 1,
            "planned_start_datetime": null,
            "planned_end_datetime": null,
            "item": 5,
            "task_status": "NS",
            "task_type": 2,
            "job": 1,
            "work_center": 2,
            "predecessors": [],
            "dependencies": [],
            "created_at": "2024-05-20T12:45:20.430Z",
            "updated_at": "2024-05-20T12:45:20.430Z",
            "created_by": null,
            "updated_by": null,
            "custom_fields": {}
        }
    },
    {
        "model": "job_manager.task",
        "pk": 23,
        "fields": {
            "name": "TASK_NAME_23",
            "duration": 1020,
            "setup_time": 180,
            "run_time_per_unit": 90,
            "teardown_time": 180,
            "quantity": 1,
            "planned_start_datetime": null,
            "planned_end_datetime": null,
            "item": 6,
            "task_status": "NS",
            "task_type": 3,
            "job": 2,
            "work_center": 3,
            "predecessors": [],
            "dependencies": [],
            "created_at": "2024-05-20T12:45:20.430Z",
            "updated_at": "2024-05-20T12:45:20.430Z",
            "created_by": null,
            "updated_by": null,
            "custom_fields": {}
        }
    },
    {
        "model": "job_manager.task",
        "pk": 24,
        "fields": {
            "name": "TASK_NAME_24",
            "duration": 1080,
            "setup_time": 190,
            "run_time_per_unit": 95,
            "teardown_time": 190,
            "quantity": 1,
            "planned_start_datetime": null,
            "planned_end_datetime": null,
            "item": 5,
            "task_status": "NS",
            "task_type": 4,
            "job": 1,
            "work_center": 4,
            "predecessors": [],
            "dependencies": [],
            "created_at": "2024-05-20T12:45:20.430Z",
            "updated_at": "2024-05-20T12:45:20.430Z",
            "created_by": null,
            "updated_by": null,
            "custom_fields": {}
        }
    },
    {
        "model": "job_manager.task",
        "pk": 25,
        "fields": {
            "name": "TASK_NAME_25",
            "duration": 1140,
            "setup_time": 200,
            "run_time_per_unit": 100,
            "teardown_time": 200,
            "quantity": 1,
            "planned_start_datetime": null,
            "planned_end_datetime": null,
            "item": 6,
            "task_status": "NS",
            "task_type": 5,
            "job": 2,
            "work_center": 5,
            "predecessors": [],
            "dependencies": [],
            "created_at": "2024-05-20T12:45:20.430Z",
            "updated_at": "2024-05-20T12:45:20.430Z",
            "created_by": null,
            "updated_by": null,
            "custom_fields": {}
        }
    },
    {
        "model": "job_manager.task",
        "pk": 26,
        "fields": {
            "name": "TASK_NAME_26",
            "duration": 1200,
            "setup_time": 210,
            "run_time_per_unit": 105,
            "teardown_time": 210,
            "quantity": 1,
            "planned_start_datetime": null,
            "planned_end_datetime": null,
            "item": 5,
            "task_status": "NS",
            "task_type": 1,
            "job": 1,
            "work_center": 1,
            "predecessors": [],
            "dependencies": [],
            "created_at": "2024-05-20T12:45:20.430Z",
            "updated_at": "2024-05-20T12:45:20.430Z",
            "created_by": null,
            "updated_by": null,
            "custom_fields": {}
        }
    },
    {
        "model": "job_manager.task",
        "pk": 27,
        "fields": {
            "name": "TASK_NAME_27",
            "duration": 1260,
            "setup_time": 220,
            "run_time_per_unit": 110,
            "teardown_time": 220,
            "quantity": 1,
            "planned_start_datetime": null,
            "planned_end_datetime": null,
            "item": 6,
            "task_status": "NS",
            "task_type": 2,
            "job": 2,
            "work_center": 2,
            "predecessors": [],
            "dependencies": [],
            "created_at": "2024-05-20T12:45:20.430Z",
            "updated_at": "2024-05-20T12:45:20.430Z",
            "created_by": null,
            "updated_by": null,
            "custom_fields": {}
        }
    },
    {
        "model": "job_manager.task",
        "pk": 28,
        "fields": {
            "name": "TASK_NAME_28",
            "duration": 1320,
            "setup_time": 230,
            "run_time_per_unit": 115,
            "teardown_time": 230,
            "quantity": 1,
            "planned_start_datetime": null,
            "planned_end_datetime": null,
            "item": 5,
            "task_status": "NS",
            "task_type": 3,
            "job": 1,
            "work_center": 3,
            "predecessors": [],
            "dependencies": [],
            "created_at": "2024-05-20T12:45:20.430Z",
            "updated_at": "2024-05-20T12:45:20.430Z",
            "created_by": null,
            "updated_by": null,
            "custom_fields": {}
        }
    },
    {
        "model": "job_manager.task",
        "pk": 29,
        "fields": {
            "name": "TASK_NAME_29",
            "duration": 1380,
            "setup_time": 240,
            "run_time_per_unit": 120,
            "teardown_time": 240,
            "quantity": 1,
            "planned_start_datetime": null,
            "planned_end_datetime": null,
            "item": 6,
            "task_status": "NS",
            "task_type": 4,
            "job": 2,
            "work_center": 4,
            "predecessors": [],
            "dependencies": [],
            "created_at": "2024-05-20T12:45:20.430Z",
            "updated_at": "2024-05-20T12:45:20.430Z",
            "created_by": null,
            "updated_by": null,
            "custom_fields": {}
        }
    },
    {
        "model": "job_manager.task",
        "pk": 30,
        "fields": {
            "name": "TASK_NAME_30",
            "duration": 1440,
            "setup_time": 250,
            "run_time_per_unit": 125,
            "teardown_time": 250,
            "quantity": 1,
            "planned_start_datetime": null,
            "planned_end_datetime": null,
            "item": 5,
            "task_status": "NS",
            "task_type": 5,
            "job": 1,
            "work_center": 5,
            "predecessors": [],
            "dependencies": [],
            "created_at": "2024-05-20T12:45:20.430Z",
            "updated_at": "2024-05-20T12:45:20.430Z",
            "created_by": null,
            "updated_by": null,
            "custom_fields": {}
        }
    },
    {
        "model": "job_manager.task",
        "pk": 31,
        "fields": {
            "name": "TASK_NAME_31",
            "duration": 1500,
            "setup_time": 260,
            "run_time_per_unit": 130,
            "teardown_time": 260,
            "quantity": 1,
            "planned_start_datetime": null,
            "planned_end_datetime": null,
            "item": 6,
            "task_status": "NS",
            "task_type": 1,
            "job": 2,
            "work_center": 1,
            "predecessors": [],
            "dependencies": [],
            "created_at": "2024-05-20T12:45:20.430Z",
            "updated_at": "2024-05-20T12:45:20.430Z",
            "created_by": null,
            "updated_by": null,
            "custom_fields": {}
        }
    },
    {
        "model": "job_manager.task",
        "pk": 32,
        "fields": {
            "name": "TASK_NAME_32",
            "duration": 1560,
            "setup_time": 270,
            "run_time_per_unit": 135,
            "teardown_time": 270,
            "quantity": 1,
            "planned_start_datetime": null,
            "planned_end_datetime": null,
            "item": 5,
            "task_status": "NS",
            "task_type": 2,
            "job": 1,
            "work_center": 2,
            "predecessors": [],
            "dependencies": [],
            "created_at": "2024-05-20T12:45:20.430Z",
            "updated_at": "2024-05-20T12:45:20.430Z",
            "created_by": null,
            "updated_by": null,
            "custom_fields": {}
        }
    },
    {
        "model": "job_manager.task",
        "pk": 33,
        "fields": {
            "name": "TASK_NAME_33",
            "duration": 1620,
            "setup_time": 280,
            "run_time_per_unit": 140,
            "teardown_time": 280,
            "quantity": 1,
            "planned_start_datetime": null,
            "planned_end_datetime": null,
            "item": 6,
            "task_status": "NS",
            "task_type": 3,
            "job": 2,
            "work_center": 3,
            "predecessors": [],
            "dependencies": [],
            "created_at": "2024-05-20T12:45:20.430Z",
            "updated_at": "2024-05-20T12:45:20.430Z",
            "created_by": null,
            "updated_by": null,
            "custom_fields": {}
        }
    },
    {
        "model": "job_manager.task",
        "pk": 34,
        "fields": {
            "name": "TASK_NAME_34",
            "duration": 1680,
            "setup_time": 290,
            "run_time_per_unit": 145,
            "teardown_time": 290,
            "quantity": 1,
            "planned_start_datetime": null,
            "planned_end_datetime": null,
            "item": 5,
            "task_status": "NS",
            "task_type": 4,
            "job": 1,
            "work_center": 4,
            "predecessors": [],
            "dependencies": [],
            "created_at": "2024-05-20T12:45:20.430Z",
            "updated_at": "2024-05-20T12:45:20.430Z",
            "created_by": null,
            "updated_by": null,
            "custom_fields": {}
        }
    },
    {
        "model": "job_manager.task",
        "pk": 35,
        "fields": {
            "name": "TASK_NAME_35",
            "duration": 1740,
            "setup_time": 300,
            "run_time_per_unit": 150,
            "teardown_time": 300,
            "quantity": 1,
            "planned_start_datetime": null,
            "planned_end_datetime": null,
            "item": 6,
            "task_status": "NS",
            "task_type": 5,
            "job": 2,
            "work_center": 5,
            "predecessors": [],
            "dependencies": [],
            "created_at": "2024-05-20T12:45:20.430Z",
            "updated_at": "2024-05-20T12:45:20.430Z",
            "created_by": null,
            "updated_by": null,
            "custom_fields": {}
        }
    },
    {
        "model": "job_manager.task",
        "pk": 36,
        "fields": {
            "name": "TASK_NAME_36",
            "duration": 1800,
            "setup_time": 310,
            "run_time_per_unit": 155,
            "teardown_time": 310,
            "quantity": 1,
            "planned_start_datetime": null,
            "planned_end_datetime": null,
            "item": 5,
            "task_status": "NS",
            "task_type": 1,
            "job": 1,
            "work_center": 1,
            "predecessors": [],
            "dependencies": [],
            "created_at": "2024-05-20T12:45:20.430Z",
            "updated_at": "2024-05-20T12:45:20.430Z",
            "created_by": null,
            "updated_by": null,
            "custom_fields": {}
        }
    },
    {
        "model": "job_manager.task",
        "pk": 37,
        "fields": {
            "name": "TASK_NAME_37",
            "duration": 1860,
            "setup_time": 320,
            "run_time_per_unit": 160,
            "teardown_time": 320,
            "quantity": 1,
            "planned_start_datetime": null,
            "planned_end_datetime": null,
            "item": 6,
            "task_status": "NS",
            "task_type": 2,
            "job": 2,
            "work_center": 2,
            "predecessors": [],
            "dependencies": [],
            "created_at": "2024-05-20T12:45:20.430Z",
            "updated_at": "2024-05-20T12:45:20.430Z",
            "created_by": null,
            "updated_by": null,
            "custom_fields": {}
        }
    },
    {
        "model": "job_manager.task",
        "pk": 38,
        "fields": {
            "name": "TASK_NAME_38",
            "duration": 1920,
            "setup_time": 330,
            "run_time_per_unit": 165,
            "teardown_time": 330,
            "quantity": 1,
            "planned_start_datetime": null,
            "planned_end_datetime": null,
            "item": 5,
            "task_status": "NS",
            "task_type": 3,
            "job": 1,
            "work_center": 3,
            "predecessors": [],
            "dependencies": [],
            "created_at": "2024-05-20T12:45:20.430Z",
            "updated_at": "2024-05-20T12:45:20.430Z",
            "created_by": null,
            "updated_by": null,
            "custom_fields": {}
        }
    },
    {
        "model": "job_manager.task",
        "pk": 39,
        "fields": {
            "name": "TASK_NAME_39",
            "duration": 1980,
            "setup_time": 340,
            "run_time_per_unit": 170,
            "teardown_time": 340,
            "quantity": 1,
            "planned_start_datetime": null,
            "planned_end_datetime": null,
            "item": 6,
            "task_status": "NS",
            "task_type": 4,
            "job": 2,
            "work_center": 4,
            "predecessors": [],
            "dependencies": [],
            "created_at": "2024-05-20T12:45:20.430Z",
            "updated_at": "2024-05-20T12:45:20.430Z",
            "created_by": null,
            "updated_by": null,
            "custom_fields": {}
        }
    },
    {
        "model": "job_manager.task",
        "pk": 40,
        "fields": {
            "name": "TASK_NAME_40",
            "duration": 2040,
            "setup_time": 350,
            "run_time_per_unit": 175,
            "teardown_time": 350,
            "quantity": 1,
            "planned_start_datetime": null,
            "planned_end_datetime": null,
            "item": 5,
            "task_status": "NS",
            "task_type": 5,
            "job": 1,
            "work_center": 5,
            "predecessors": [],
            "dependencies": [],
            "created_at": "2024-05-20T12:45:20.430Z",
            "updated_at": "2024-05-20T12:45:20.430Z",
            "created_by": null,
            "updated_by": null,
            "custom_fields": {}
        }
    },
    {
        "model": "job_manager.task",
        "pk": 41,
        "fields": {
            "name": "TASK_NAME_41",
            "duration": 2100,
            "setup_time": 360,
            "run_time_per_unit": 180,
            "teardown_time": 360,
            "quantity": 1,
            "planned_start_datetime": null,
            "planned_end_datetime": null,
            "item": 6,
            "task_status": "NS",
            "task_type": 1,
            "job": 2,
            "work_center": 1,
            "predecessors": [],
            "dependencies": [],
            "created_at": "2024-05-20T12:45:20.430Z",
            "updated_at": "2024-05-20T12:45:20.430Z",
            "created_by": null,
            "updated_by": null,
            "custom_fields": {}
        }
    },
    {
        "model": "job_manager.task",
        "pk": 42,
        "fields": {
            "name": "TASK_NAME_42",
            "duration": 2160,
            "setup_time": 370,
            "run_time_per_unit": 185,
            "teardown_time": 370,
            "quantity": 1,
            "planned_start_datetime": null,
            "planned_end_datetime": null,
            "item": 5,
            "task_status": "NS",
            "task_type": 2,
            "job": 1,
            "work_center": 2,
            "predecessors": [],
            "dependencies": [],
            "created_at": "2024-05-20T12:45:20.430Z",
            "updated_at": "2024-05-20T12:45:20.430Z",
            "created_by": null,
            "updated_by": null,
            "custom_fields": {}
        }
    },
    {
        "model": "job_manager.task",
        "pk": 43,
        "fields": {
            "name": "TASK_NAME_43",
            "duration": 2220,
            "setup_time": 380,
            "run_time_per_unit": 190,
            "teardown_time": 380,
            "quantity": 1,
            "planned_start_datetime": null,
            "planned_end_datetime": null,
            "item": 6,
            "task_status": "NS",
            "task_type": 3,
            "job": 2,
            "work_center": 3,
            "predecessors": [],
            "dependencies": [],
            "created_at": "2024-05-20T12:45:20.430Z",
            "updated_at": "2024-05-20T12:45:20.430Z",
            "created_by": null,
            "updated_by": null,
            "custom_fields": {}
        }
    },
    {
        "model": "job_manager.task",
        "pk": 44,
        "fields": {
            "name": "TASK_NAME_44",
            "duration": 2280,
            "setup_time": 390,
            "run_time_per_unit": 195,
            "teardown_time": 390,
            "quantity": 1,
            "planned_start_datetime": null,
            "planned_end_datetime": null,
            "item": 5,
            "task_status": "NS",
            "task_type": 4,
            "job": 1,
            "work_center": 4,
            "predecessors": [],
            "dependencies": [],
            "created_at": "2024-05-20T12:45:20.430Z",
            "updated_at": "2024-05-20T12:45:20.430Z",
            "created_by": null,
            "updated_by": null,
            "custom_fields": {}
        }
    },
    {
        "model": "job_manager.task",
        "pk": 45,
        "fields": {
            "name": "TASK_NAME_45",
            "duration": 2340,
            "setup_time": 400,
            "run_time_per_unit": 200,
            "teardown_time": 400,
            "quantity": 1,
            "planned_start_datetime": null,
            "planned_end_datetime": null,
            "item": 6,
            "task_status": "NS",
            "task_type": 5,
            "job": 2,
            "work_center": 5,
            "predecessors": [],
            "dependencies": [],
            "created_at": "2024-05-20T12:45:20.430Z",
            "updated_at": "2024-05-20T12:45:20.430Z",
            "created_by": null,
            "updated_by": null,
            "custom_fields": {}
        }
    },
    {
        "model": "job_manager.task",
        "pk": 46,
        "fields": {
            "name": "TASK_NAME_46",
            "duration": 2400,
            "setup_time": 410,
            "run_time_per_unit": 205,
            "teardown_time": 410,
            "quantity": 1,
            "planned_start_datetime": null,
            "planned_end_datetime": null,
            "item": 5,
            "task_status": "NS",
            "task_type": 1,
            "job": 1,
            "work_center": 1,
            "predecessors": [],
            "dependencies": [],
            "created_at": "2024-05-20T12:45:20.430Z",
            "updated_at": "2024-05-20T12:45:20.430Z",
            "created_by": null,
            "updated_by": null,
            "custom_fields": {}
        }
    },
    {
        "model": "job_manager.task",
        "pk": 47,
        "fields": {
            "name": "TASK_NAME_47",
            "duration": 2460,
            "setup_time": 420,
            "run_time_per_unit": 210,
            "teardown_time": 420,
            "quantity": 1,
            "planned_start_datetime": null,
            "planned_end_datetime": null,
            "item": 6,
            "task_status": "NS",
            "task_type": 2,
            "job": 2,
            "work_center": 2,
            "predecessors": [],
            "dependencies": [],
            "created_at": "2024-05-20T12:45:20.430Z",
            "updated_at": "2024-05-20T12:45:20.430Z",
            "created_by": null,
            "updated_by": null,
            "custom_fields": {}
        }
    },
    {
        "model": "job_manager.task",
        "pk": 48,
        "fields": {
            "name": "TASK_NAME_48",
            "duration": 2520,
            "setup_time": 430,
            "run_time_per_unit": 215,
            "teardown_time": 430,
            "quantity": 1,
            "planned_start_datetime": null,
            "planned_end_datetime": null,
            "item": 5,
            "task_status": "NS",
            "task_type": 3,
            "job": 1,
            "work_center": 3,
            "predecessors": [],
            "dependencies": [],
            "created_at": "2024-05-20T12:45:20.430Z",
            "updated_at": "2024-05-20T12:45:20.430Z",
            "created_by": null,
            "updated_by": null,
            "custom_fields": {}
        }
    },
    {
        "model": "job_manager.task",
        "pk": 49,
        "fields": {
            "name": "TASK_NAME_49",
            "duration": 2580,
            "setup_time": 440,
            "run_time_per_unit": 220,
            "teardown_time": 440,
            "quantity": 1,
            "planned_start_datetime": null,
            "planned_end_datetime": null,
            "item": 6,
            "task_status": "NS",
            "task_type": 4,
            "job": 2,
            "work_center": 4,
            "predecessors": [],
            "dependencies": [],
            "created_at": "2024-05-20T12:45:20.430Z",
            "updated_at": "2024-05-20T12:45:20.430Z",
            "created_by": null,
            "updated_by": null,
            "custom_fields": {}
        }
    },
    {
        "model": "job_manager.task",
        "pk": 50,
        "fields": {
            "name": "TASK_NAME_50",
            "duration": 2640,
            "setup_time": 450,
            "run_time_per_unit": 225,
            "teardown_time": 450,
            "quantity": 1,
            "planned_start_datetime": null,
            "planned_end_datetime": null,
            "item": 5,
            "task_status": "NS",
            "task_type": 5,
            "job": 1,
            "work_center": 5,
            "predecessors": [],
            "dependencies": [],
            "created_at": "2024-05-20T12:45:20.430Z",
            "updated_at": "2024-05-20T12:45:20.430Z",
            "created_by": null,
            "updated_by": null,
            "custom_fields": {}
        }
    },
    {
        "model": "job_manager.item",
        "pk": 5,
        "fields": {
            "created_at": "2024-05-20T12:45:20.430Z",
            "updated_at": "2024-05-20T12:45:20.430Z",
            "created_by": null,
            "updated_by": null,
            "custom_fields": {},
            "external_id": "EXTERNAL_ID_5",
            "notes": "Item 5 notes",
            "name": "ITEM_5",
            "description": "Item 5 description"
        }
    },
    {
        "model": "job_manager.item",
        "pk": 6,
        "fields": {
            "created_at": "2024-05-20T12:45:20.430Z",
            "updated_at": "2024-05-20T12:45:20.430Z",
            "created_by": null,
            "updated_by": null,
            "custom_fields": {},
            "external_id": "EXTERNAL_ID_6",
            "notes": "Item 6 notes",
            "name": "ITEM_6",
            "description": "Item 6 description"
        }
    },
    {
        "model": "job_manager.workcenter",
        "pk": 1,
        "fields": {
            "created_at": "2024-05-20T12:45:20.419Z",
            "updated_at": "2024-05-20T12:45:20.421Z",
            "created_by": null,
            "updated_by": null,
            "custom_fields": {},
            "external_id": "EXTERNAL_ID_1",
            "notes": "WorkCenter 1 notes",
            "name": "WorkCenter_1"
        }
    },
    {
        "model": "job_manager.workcenter",
        "pk": 2,
        "fields": {
            "created_at": "2024-05-20T12:45:20.419Z",
            "updated_at": "2024-05-20T12:45:20.421Z",
            "created_by": null,
            "updated_by": null,
            "custom_fields": {},
            "external_id": "EXTERNAL_ID_2",
            "notes": "WorkCenter 2 notes",
            "name": "WorkCenter_2"
        }
    },
    {
        "model": "job_manager.workcenter",
        "pk": 3,
        "fields": {
            "created_at": "2024-05-20T12:45:20.420Z",
            "updated_at": "2024-05-20T12:45:20.421Z",
            "created_by": null,
            "updated_by": null,
            "custom_fields": {},
            "external_id": "EXTERNAL_ID_3",
            "notes": "WorkCenter 3 notes",
            "name": "WorkCenter_3"
        }
    },
    {
        "model": "job_manager.workcenter",
        "pk": 4,
        "fields": {
            "created_at": "2024-05-20T12:45:20.420Z",
            "updated_at": "2024-05-20T12:45:20.421Z",
            "created_by": null,
            "updated_by": null,
            "custom_fields": {},
            "external_id": "EXTERNAL_ID_4",
            "notes": "WorkCenter 4 notes",
            "name": "WorkCenter_4"
        }
    },
    {
        "model": "job_manager.workcenter",
        "pk": 5,
        "fields": {
            "created_at": "2024-05-20T12:45:20.420Z",
            "updated_at": "2024-05-20T12:45:20.421Z",
            "created_by": null,
            "updated_by": null,
            "custom_fields": {},
            "external_id": "EXTERNAL_ID_5",
            "notes": "WorkCenter 5 notes",
            "name": "WorkCenter_5"
        }
    },
    {
        "model": "job_manager.workcenter",
        "pk": 6,
        "fields": {
            "created_at": "2024-05-20T12:45:20.421Z",
            "updated_at": "2024-05-20T12:45:20.421Z",
            "created_by": null,
            "updated_by": null,
            "custom_fields": {},
            "external_id": "EXTERNAL_ID_6",
            "notes": "WorkCenter 6 notes",
            "name": "WorkCenter_6"
        }
    },
    {
        "model": "job_manager.tasktype",
        "pk": 1,
        "fields": {
            "created_at": "2024-05-20T12:45:20.411Z",
            "updated_at": "2024-05-20T12:45:20.414Z",
            "created_by": null,
            "updated_by": null,
            "custom_fields": {},
            "external_id": "EXTERNAL_ID_1",
            "notes": "Task type 1 notes",
            "name": "Task_TYPE_1"
        }
    },
    {
        "model": "job_manager.tasktype",
        "pk": 2,
        "fields": {
            "created_at": "2024-05-20T12:45:20.412Z",
            "updated_at": "2024-05-20T12:45:20.414Z",
            "created_by": null,
            "updated_by": null,
            "custom_fields": {},
            "external_id": "EXTERNAL_ID_2",
            "notes": "Task type 2 notes",
            "name": "Task_TYPE_2"
        }
    },
    {
        "model": "job_manager.tasktype",
        "pk": 3,
        "fields": {
            "created_at": "2024-05-20T12:45:20.412Z",
            "updated_at": "2024-05-20T12:45:20.414Z",
            "created_by": null,
            "updated_by": null,
            "custom_fields": {},
            "external_id": "EXTERNAL_ID_3",
            "notes": "Task type 3 notes",
            "name": "Task_TYPE_3"
        }
    },
    {
        "model": "job_manager.tasktype",
        "pk": 4,
        "fields": {
            "created_at": "2024-05-20T12:45:20.413Z",
            "updated_at": "2024-05-20T12:45:20.414Z",
            "created_by": null,
            "updated_by": null,
            "custom_fields": {},
            "external_id": "EXTERNAL_ID_4",
            "notes": "Task type 4 notes",
            "name": "Task_TYPE_4"
        }
    },
    {
        "model": "job_manager.tasktype",
        "pk": 5,
        "fields": {
            "created_at": "2024-05-20T12:45:20.413Z",
            "updated_at": "2024-05-20T12:45:20.414Z",
            "created_by": null,
            "updated_by": null,
            "custom_fields": {},
            "external_id": "EXTERNAL_ID_5",
            "notes": "Task type 5 notes",
            "name": "Task_TYPE_5"
        }
    },
    {
        "model": "job_manager.tasktype",
        "pk": 6,
        "fields": {
            "created_at": "2024-05-20T12:45:20.413Z",
            "updated_at": "2024-05-20T12:45:20.414Z",
            "created_by": null,
            "updated_by": null,
            "custom_fields": {},
            "external_id": "EXTERNAL_ID_6",
            "notes": "Task type 6 notes",
            "name": "Task_TYPE_6"
        }
    },
    {
        "model": "job_manager.dependencytype",
        "pk": 1,
        "fields": {
            "created_at": "2024-05-20T12:45:20.407Z",
            "updated_at": "2024-05-20T12:45:20.409Z",
            "created_by": null,
            "updated_by": null,
            "custom_fields": {},
            "external_id": "EXTERNAL_ID_1",
            "notes": "Dependency type 1 notes",
            "name": "DEPENDENCY_TYPE_1"
        }
    },
    {
        "model": "job_manager.dependencytype",
        "pk": 2,
        "fields": {
            "created_at": "2024-05-20T12:45:20.407Z",
            "updated_at": "2024-05-20T12:45:20.409Z",
            "created_by": null,
            "updated_by": null,
            "custom_fields": {},
            "external_id": "EXTERNAL_ID_2",
            "notes": "Dependency type 2 notes",
            "name": "DEPENDENCY_TYPE_2"
        }
    },
    {
        "model": "job_manager.dependencytype",
        "pk": 3,
        "fields": {
            "created_at": "2024-05-20T12:45:20.408Z",
            "updated_at": "2024-05-20T12:45:20.409Z",
            "created_by": null,
            "updated_by": null,
            "custom_fields": {},
            "external_id": "EXTERNAL_ID_3",
            "notes": "Dependency type 3 notes",
            "name": "DEPENDENCY_TYPE_3"
        }
    },
    {
        "model": "job_manager.dependencytype",
        "pk": 4,
        "fields": {
            "created_at": "2024-05-20T12:45:20.408Z",
            "updated_at": "2024-05-20T12:45:20.409Z",
            "created_by": null,
            "updated_by": null,
            "custom_fields": {},
            "external_id": "EXTERNAL_ID_4",
            "notes": "Dependency type 4 notes",
            "name": "DEPENDENCY_TYPE_4"
        }
    },
    {
        "model": "job_manager.dependencytype",
        "pk": 5,
        "fields": {
            "created_at": "2024-05-20T12:45:20.408Z",
            "updated_at": "2024-05-20T12:45:20.409Z",
            "created_by": null,
            "updated_by": null,
            "custom_fields": {},
            "external_id": "EXTERNAL_ID_5",
            "notes": "Dependency type 5 notes",
            "name": "DEPENDENCY_TYPE_5"
        }
    },
    {
        "model": "job_manager.dependency",
        "pk": 1,
        "fields": {
            "created_at": "2024-05-20T12:45:20.415Z",
            "updated_at": "2024-05-20T12:45:20.416Z",
            "created_by": null,
            "updated_by": null,
            "custom_fields": {},
            "external_id": "EXTERNAL_ID_1",
            "notes": "Dependency 1 notes",
            "name": "Dependency_1",
            "expected_close_datetime": "2024-05-20T12:45:20.417Z",
            "actual_close_datetime": "2024-05-20T12:45:20.418Z",
            "dependency_type": 1,
            "dependency_status": "PD"
        }
    },
    {
        "model": "job_manager.dependency",
        "pk": 2,
        "fields": {
            "created_at": "2024-05-20T12:45:20.415Z",
            "updated_at": "2024-05-20T12:45:20.416Z",
            "created_by": null,
            "updated_by": null,
            "custom_fields": {},
            "external_id": "EXTERNAL_ID_2",
            "notes": "Dependency 2 notes",
            "name": "Dependency_2",
            "expected_close_datetime": "2024-05-20T12:45:20.417Z",
            "actual_close_datetime": "2024-05-20T12:45:20.418Z",
            "dependency_type": 1,
            "dependency_status": "PD"
        }
    },
    {
        "model": "job_manager.dependency",
        "pk": 3,
        "fields": {
            "created_at": "2024-05-20T12:45:20.415Z",
            "updated_at": "2024-05-20T12:45:20.416Z",
            "created_by": null,
            "updated_by": null,
            "custom_fields": {},
            "external_id": "EXTERNAL_ID_3",
            "notes": "Dependency 3 notes",
            "name": "Dependency_3",
            "expected_close_datetime": "2024-05-20T12:45:20.417Z",
            "actual_close_datetime": "2024-05-20T12:45:20.418Z",
            "dependency_type": 1,
            "dependency_status": "PD"
        }
    },
    {
        "model": "job_manager.dependency",
        "pk": 4,
        "fields": {
            "created_at": "2024-05-20T12:45:20.415Z",
            "updated_at": "2024-05-20T12:45:20.416Z",
            "created_by": null,
            "updated_by": null,
            "custom_fields": {},
            "external_id": "EXTERNAL_ID_4",
            "notes": "Dependency 4 notes",
            "name": "Dependency_4",
            "expected_close_datetime": "2024-05-20T12:45:20.417Z",
            "actual_close_datetime": "2024-05-20T12:45:20.418Z",
            "dependency_type": 4,
            "dependency_status": "PD"
        }
    },
    {
        "model": "job_manager.dependency",
        "pk": 5,
        "fields": {
            "created_at": "2024-05-20T12:45:20.415Z",
            "updated_at": "2024-05-20T12:45:20.416Z",
            "created_by": null,
            "updated_by": null,
            "custom_fields": {},
            "external_id": "EXTERNAL_ID_5",
            "notes": "Dependency 5 notes",
            "name": "Dependency_5",
            "expected_close_datetime": "2024-05-20T12:45:20.417Z",
            "actual_close_datetime": "2024-05-20T12:45:20.418Z",
            "dependency_type": 4,
            "dependency_status": "PD"
        }
    },
    {
        "model": "job_manager.dependency",
        "pk": 6,
        "fields": {
            "created_at": "2024-05-20T12:45:20.439Z",
            "updated_at": "2024-05-20T12:45:20.416Z",
            "created_by": null,
            "updated_by": null,
            "custom_fields": {},
            "external_id": "EXTERNAL_ID_6",
            "notes": "Dependency 6 notes",
            "name": "Dependency_6",
            "expected_close_datetime": "2024-05-20T12:45:20.417Z",
            "actual_close_datetime": "2024-05-20T12:45:20.418Z",
            "dependency_type": 3,
            "dependency_status": "PD"
        }
    },
    {
        "model": "resource_calendar.weeklyshifttemplate",
        "pk": 1,
        "fields": {
            "created_at": "2024-05-20T12:45:20.439Z",
            "updated_at": "2024-05-20T12:45:20.440Z",
            "created_by": null,
            "updated_by": null,
            "custom_fields": {},
            "external_id": "EXTERNAL_ID_6",
            "notes": " shift Template 6 notes",
            "name": "Shift_template_sixth",
            "description": "shift Template 6 description"
        }
    },
    {
        "model": "resource_calendar.weeklyshifttemplate",
        "pk": 2,
        "fields": {
            "created_at": "2024-05-20T12:45:20.439Z",
            "updated_at": "2024-05-20T12:45:20.440Z",
            "created_by": null,
            "updated_by": null,
            "custom_fields": {},
            "external_id": "EXTERNAL_ID_6",
            "notes": " shift Template 6 notes",
            "name": "Shift_template_sixth",
            "description": "shift Template 6 description"
        }
    },
    {
        "model": "resource_calendar.weeklyshifttemplate",
        "pk": 3,
        "fields": {
            "created_at": "2024-05-20T12:45:20.439Z",
            "updated_at": "2024-05-20T12:45:20.440Z",
            "created_by": null,
            "updated_by": null,
            "custom_fields": {},
            "external_id": "EXTERNAL_ID_6",
            "notes": " shift Template 6 notes",
            "name": "Shift_template_sixth",
            "description": "shift Template 6 description"
        }
    },
    {
        "model": "resource_calendar.weeklyshifttemplate",
        "pk": 4,
        "fields": {
            "created_at": "2024-05-20T12:45:20.439Z",
            "updated_at": "2024-05-20T12:45:20.440Z",
            "created_by": null,
            "updated_by": null,
            "custom_fields": {},
            "external_id": "EXTERNAL_ID_6",
            "notes": " shift Template 6 notes",
            "name": "Shift_template_sixth",
            "description": "shift Template 6 description"
        }
    },
    {
        "model": "resource_calendar.weeklyshifttemplate",
        "pk": 5,
        "fields": {
            "created_at": "2024-05-20T12:45:20.439Z",
            "updated_at": "2024-05-20T12:45:20.440Z",
            "created_by": null,
            "updated_by": null,
            "custom_fields": {},
            "external_id": "EXTERNAL_ID_6",
            "notes": " shift Template 6 notes",
            "name": "Shift_template_sixth",
            "description": "shift Template 6 description"
        }
    },
    {
        "model": "resource_calendar.weeklyshifttemplate",
        "pk": 6,
        "fields": {
            "created_at": "2024-05-20T12:45:20.439Z",
            "updated_at": "2024-05-20T12:45:20.440Z",
            "created_by": null,
            "updated_by": null,
            "custom_fields": {},
            "external_id": "EXTERNAL_ID_6",
            "notes": " shift Template 6 notes",
            "name": "Shift_template_sixth",
            "description": "shift Template 6 description"
        }
    },
    {
        "model": "resource_calendar.weeklyshifttemplatedetail",
        "pk": 1,
        "fields": {
            "created_at": "2024-05-20T12:45:20.446Z",
            "updated_at": "2024-05-20T12:45:20.450Z",
            "created_by": null,
            "updated_by": null,
            "custom_fields": {},
            "weekly_shift_template": 1,
            "day_of_week": "Monday",
            "start_time": "08:00:00",
            "end_time": "16:00:00"
        }
    },
    {
        "model": "resource_calendar.weeklyshifttemplatedetail",
        "pk": 2,
        "fields": {
            "created_at": "2024-05-20T12:45:20.447Z",
            "updated_at": "2024-05-20T12:45:20.450Z",
            "created_by": null,
            "updated_by": null,
            "custom_fields": {},
            "weekly_shift_template": 2,
            "day_of_week": "Tuesday",
            "start_time": "09:00:00",
            "end_time": "17:00:00"
        }
    },
    {
        "model": "resource_calendar.weeklyshifttemplatedetail",
        "pk": 3,
        "fields": {
            "created_at": "2024-05-20T12:45:20.447Z",
            "updated_at": "2024-05-20T12:45:20.450Z",
            "created_by": null,
            "updated_by": null,
            "custom_fields": {},
            "weekly_shift_template":3,
            "day_of_week": "Wednesday",
            "start_time": "10:00:00",
            "end_time": "18:00:00"
        }
    },
    {
        "model": "resource_calendar.weeklyshifttemplatedetail",
        "pk": 4,
        "fields": {
            "created_at": "2024-05-20T12:45:20.448Z",
            "updated_at": "2024-05-20T12:45:20.450Z",
            "created_by": null,
            "updated_by": null,
            "custom_fields": {},
            "weekly_shift_template":4,
            "day_of_week": "Thursday",
            "start_time": "11:00:00",
            "end_time": "19:00:00"
        }
    },
    {
        "model": "resource_calendar.weeklyshifttemplatedetail",
        "pk": 5,
        "fields": {
            "created_at": "2024-05-20T12:45:20.448Z",
            "updated_at": "2024-05-20T12:45:20.450Z",
            "created_by": null,
            "updated_by": null,
            "custom_fields": {},
            "weekly_shift_template":5,
            "day_of_week": "Friday",
            "start_time": "12:00:00",
            "end_time": "20:00:00"
        }
    },
    {
        "model": "resource_calendar.weeklyshifttemplatedetail",
        "pk": 6,
        "fields": {
            "created_at": "2024-05-20T12:45:20.450Z",
            "updated_at": "2024-05-20T12:45:20.450Z",
            "created_by": null,
            "updated_by": null,
            "custom_fields": {},
            "weekly_shift_template":6,
            "day_of_week": "Saturday",
            "start_time": "13:00:00",
            "end_time": "21:00:00"
        }
    },
    {
        "model": "resource_calendar.operationalexceptiontype",
        "pk": 1,
        "fields": {
            "created_at": "2024-05-20T12:45:20.456Z",
            "updated_at": "2024-05-20T12:45:20.459Z",
            "created_by": null,
            "updated_by": null,
            "custom_fields": {},
            "external_id": "EXTERNAL_ID_1",
            "notes": "Exception type 1 notes",
            "name": "EXCEPTION_TYPE_1"
        }
    },
    {
        "model": "resource_calendar.operationalexceptiontype",
        "pk": 2,
        "fields": {
            "created_at": "2024-05-20T12:45:20.457Z",
            "updated_at": "2024-05-20T12:45:20.459Z",
            "created_by": null,
            "updated_by": null,
            "custom_fields": {},
            "external_id": "EXTERNAL_ID_2",
            "notes": "Exception type 2 notes",
            "name": "EXCEPTION_TYPE_2"
        }
    },
    {
        "model": "resource_calendar.operationalexceptiontype",
        "pk": 3,
        "fields": {
            "created_at": "2024-05-20T12:45:20.457Z",
            "updated_at": "2024-05-20T12:45:20.459Z",
            "created_by": null,
            "updated_by": null,
            "custom_fields": {},
            "external_id": "EXTERNAL_ID_3",
            "notes": "Exception type 3 notes",
            "name": "EXCEPTION_TYPE_3"
        }
    },
    {
        "model": "resource_calendar.operationalexceptiontype",
        "pk": 4,
        "fields": {
            "created_at": "2024-05-20T12:45:20.458Z",
            "updated_at": "2024-05-20T12:45:20.459Z",
            "created_by": null,
            "updated_by": null,
            "custom_fields": {},
            "external_id": "EXTERNAL_ID_4",
            "notes": "Exception type 4 notes",
            "name": "EXCEPTION_TYPE_4"
        }
    },
    {
        "model": "resource_calendar.operationalexceptiontype",
        "pk": 5,
        "fields": {
            "created_at": "2024-05-20T12:45:20.459Z",
            "updated_at": "2024-05-20T12:45:20.459Z",
            "created_by": null,
            "updated_by": null,
            "custom_fields": {},
            "external_id": "EXTERNAL_ID_5",
            "notes": "Exception type 5 notes",
            "name": "EXCEPTION_TYPE_5"
        }
    },
    {
        "model": "resource_calendar.operationalexceptiontype",
        "pk": 6,
        "fields": {
            "created_at": "2024-05-20T12:45:20.459Z",
            "updated_at": "2024-05-20T12:45:20.459Z",
            "created_by": null,
            "updated_by": null,
            "custom_fields": {},
            "external_id": "EXTERNAL_ID_6",
            "notes": "Exception type 6 notes",
            "name": "EXCEPTION_TYPE_6"
        }
    },

    {
        "model": "resource_manager.resource",
        "pk": 1,
        "fields": {
            "name": "Machine 1",
            "resource_type": "Machine",
            "weekly_shift_template": 1,
            "users": [],
            "created_at": "2024-05-20T12:45:20.459Z",
            "updated_at": "2024-05-20T12:45:20.459Z",
            "created_by": null,
            "updated_by": null,
            "custom_fields": {},
            "external_id": "EXTERNAL_ID_1",
            "notes": "Machine 1 notes"
        }
    },
    {
        "model": "resource_manager.resource",
        "pk": 2,
        "fields": {
            "name": "Machine 2",
            "resource_type": "Machine",
            "weekly_shift_template": 2,
            "users": [],
            "created_at": "2024-05-20T12:45:20.459Z",
            "updated_at": "2024-05-20T12:45:20.459Z",
            "created_by": null,
            "updated_by": null,
            "custom_fields": {},
            "external_id": "EXTERNAL_ID_2",
            "notes": "Machine 2 notes"
        }
    },
    {
        "model": "resource_manager.resource",
        "pk": 3,
        "fields": {
            "name": "User 1",
            "resource_type": "Operator",
            "weekly_shift_template": 3,
            "users": [],
            "created_at": "2024-05-20T12:45:20.459Z",
            "updated_at": "2024-05-20T12:45:20.459Z",
            "created_by": null,
            "updated_by": null,
            "custom_fields": {},
            "external_id": "EXTERNAL_ID_3",
            "notes": "User 1 notes"
        }
    },
    {
        "model": "resource_manager.resource",
        "pk": 4,
        "fields": {
            "name": "User 2",
            "resource_type": "Operator",
            "weekly_shift_template": 4,
            "users": [],
            "created_at": "2024-05-20T12:45:20.459Z",
            "updated_at": "2024-05-20T12:45:20.459Z",
            "created_by": null,
            "updated_by": null,
            "custom_fields": {},
            "external_id": "EXTERNAL_ID_4",
            "notes": "User 2 notes"
        }
    },
    {
        "model": "resource_manager.resource",
        "pk": 5,
        "fields": {
            "name": "User 3",
            "resource_type": "Operator",
            "weekly_shift_template": 5,
            "users": [],
            "created_at": "2024-05-20T12:45:20.459Z",
            "updated_at": "2024-05-20T12:45:20.459Z",
            "created_by": null,
            "updated_by": null,
            "custom_fields": {},
            "external_id": "EXTERNAL_ID_5",
            "notes": "User 3 notes"
        }
    },
    {
        "model": "resource_manager.resourcegroup",
        "pk": 1,
        "fields": {
            "name": "Group 1",
            "parent": null,
            "resources": [1, 3],
            "created_at": "2024-05-20T12:45:20.459Z",
            "updated_at": "2024-05-20T12:45:20.459Z",
            "created_by": null,
            "updated_by": null,
            "custom_fields": {},
            "external_id": "EXTERNAL_ID_6",
            "notes": "Group 1 notes"
        }
    },
    {
        "model": "resource_manager.resourcegroup",
        "pk": 2,
        "fields": {
            "name": "Group 2",
            "parent": null,
            "resources": [2, 4],
            "created_at": "2024-05-20T12:45:20.459Z",
            "updated_at": "2024-05-20T12:45:20.459Z",
            "created_by": null,
            "updated_by": null,
            "custom_fields": {},
            "external_id": "EXTERNAL_ID_7",
            "notes": "Group 2 notes"
        }
    },
    {
        "model": "resource_manager.resourcegroup",
        "pk": 3,
        "fields": {
            "name": "Group 3",
            "parent": null,
            "resources": [5],
            "created_at": "2024-05-20T12:45:20.459Z",
            "updated_at": "2024-05-20T12:45:20.459Z",
            "created_by": null,
            "updated_by": null,
            "custom_fields": {},
            "external_id": "EXTERNAL_ID_8",
            "notes": "Group 3 notes"
        }
    },
    {
        "model": "resource_calendar.operationalexception",
        "pk": 1,
        "fields": {
            "start_datetime": "2024-05-20T08:00:00Z",
            "end_datetime": "2024-05-20T10:00:00Z",
            "operational_exception_type": 1,
            "weekly_shift_template": 1,
            "resource": 1,
            "created_at": "2024-05-20T12:45:20.459Z",
            "updated_at": "2024-05-20T12:45:20.459Z",
            "created_by": null,
            "updated_by": null,
            "custom_fields": {},
            "external_id": "EXTERNAL_ID_1",
            "notes": "Operational exception 1 notes"
        }
    },
    {
        "model": "resource_calendar.operationalexception",
        "pk": 2,
        "fields": {
            "start_datetime": "2024-05-21T08:00:00Z",
            "end_datetime": "2024-05-21T10:00:00Z",
            "operational_exception_type": 2,
            "weekly_shift_template": 2,
            "resource": 2,
            "created_at": "2024-05-20T12:45:20.459Z",
            "updated_at": "2024-05-20T12:45:20.459Z",
            "created_by": null,
            "updated_by": null,
            "custom_fields": {},
            "external_id": "EXTERNAL_ID_2",
            "notes": "Operational exception 2 notes"
        }
    },
    {
        "model": "resource_calendar.operationalexception",
        "pk": 3,
        "fields": {
            "start_datetime": "2024-05-22T08:00:00Z",
            "end_datetime": "2024-05-22T10:00:00Z",
            "operational_exception_type": 3,
            "weekly_shift_template": 3,
            "resource": 3,
            "created_at": "2024-05-20T12:45:20.459Z",
            "updated_at": "2024-05-20T12:45:20.459Z",
            "created_by": null,
            "updated_by": null,
            "custom_fields": {},
            "external_id": "EXTERNAL_ID_3",
            "notes": "Operational exception 3 notes"
        }
    },
    {
        "model": "resource_calendar.operationalexception",
        "pk": 4,
        "fields": {
            "start_datetime": "2024-05-23T08:00:00Z",
            "end_datetime": "2024-05-23T10:00:00Z",
            "operational_exception_type": 4,
            "weekly_shift_template": 4,
            "resource": 4,
            "created_at": "2024-05-20T12:45:20.459Z",
            "updated_at": "2024-05-20T12:45:20.459Z",
            "created_by": null,
            "updated_by": null,
            "custom_fields": {},
            "external_id": "EXTERNAL_ID_4",
            "notes": "Operational exception 4 notes"
        }
    },
    {
        "model": "resource_calendar.operationalexception",
        "pk": 5,
        "fields": {
            "start_datetime": "2024-05-24T08:00:00Z",
            "end_datetime": "2024-05-24T10:00:00Z",
            "operational_exception_type": 5,
            "weekly_shift_template": 5,
            "resource": 5,
            "created_at": "2024-05-20T12:45:20.459Z",
            "updated_at": "2024-05-20T12:45:20.459Z",
            "created_by": null,
            "updated_by": null,
            "custom_fields": {},
            "external_id": "EXTERNAL_ID_5",
            "notes": "Operational exception 5 notes"
        }
    },
    {
        "model": "resource_assigner.assigmentrule",
        "pk": 1,
        "fields": {
            "name": "Rule 1",
            "work_center": 1,
            "is_active": true,
            "order": 0,
            "description": "Description for Rule 1",
            "created_at": "2024-05-20T12:45:20.459Z",
            "updated_at": "2024-05-20T12:45:20.459Z",
            "created_by": null,
            "updated_by": null,
            "custom_fields": {},
            "external_id": "EXTERNAL_ID_1",
            "notes": "Notes for Rule 1"
        }
    },
    {
        "model": "resource_assigner.assigmentrule",
        "pk": 2,
        "fields": {
            "name": "Rule 2",
            "work_center": 2,
            "is_active": true,
            "order": 0,
            "description": "Description for Rule 2",
            "created_at": "2024-05-20T12:45:20.459Z",
            "updated_at": "2024-05-20T12:45:20.459Z",
            "created_by": null,
            "updated_by": null,
            "custom_fields": {},
            "external_id": "EXTERNAL_ID_2",
            "notes": "Notes for Rule 2"
        }
    },
    {
        "model": "resource_assigner.assigmentrule",
        "pk": 3,
        "fields": {
            "name": "Rule 3",
            "work_center": 1,
            "is_active": true,
            "order": 1,
            "description": "Description for Rule 3",
            "created_at": "2024-05-20T12:45:20.459Z",
            "updated_at": "2024-05-20T12:45:20.459Z",
            "created_by": null,
            "updated_by": null,
            "custom_fields": {},
            "external_id": "EXTERNAL_ID_3",
            "notes": "Notes for Rule 3"
        }
    },
    {
        "model": "resource_assigner.assigmentrulecriteria",
        "pk": 1,
        "fields": {
            "assigment_rule": 1,
            "field": "item",
            "operator": "equals",
            "value": "Item 1",
            "created_at": "2024-05-20T12:45:20.459Z",
            "updated_at": "2024-05-20T12:45:20.459Z",
            "created_by": null,
            "updated_by": null,
            "custom_fields": {}
        }
    },
    {
        "model": "resource_assigner.assigmentrulecriteria",
        "pk": 2,
        "fields": {
            "assigment_rule": 2,
            "field": "duration",
            "operator": "equals",
            "value": "5",
            "created_at": "2024-05-20T12:45:20.459Z",
            "updated_at": "2024-05-20T12:45:20.459Z",
            "created_by": null,
            "updated_by": null,
            "custom_fields": {}
        }
    },
    {
        "model": "resource_assigner.assigmentrulecriteria",
        "pk": 3,
        "fields": {
            "assigment_rule": 3,
            "field": "task_status",
            "operator": "contains",
            "value": "In Progress",
            "created_at": "2024-05-20T12:45:20.459Z",
            "updated_at": "2024-05-20T12:45:20.459Z",
            "created_by": null,
            "updated_by": null,
            "custom_fields": {}
        }
    },
    {
        "model": "resource_assigner.assigmentrulecriteria",
        "pk": 4,
        "fields": {
            "assigment_rule": 2,
            "field": "notes",
            "operator": "contains",
            "value": "due before June 2024",
            "created_at": "2024-05-20T12:45:20.459Z",
            "updated_at": "2024-05-20T12:45:20.459Z",
            "created_by": null,
            "updated_by": null,
            "custom_fields": {}
        }
    },
    {
        "model": "resource_assigner.assigmentrulecriteria",
        "pk": 5,
        "fields": {
            "assigment_rule": 3,
            "field": "notes",
            "operator": "starts_with",
            "value": "Urgent",
            "created_at": "2024-05-20T12:45:20.459Z",
            "updated_at": "2024-05-20T12:45:20.459Z",
            "created_by": null,
            "updated_by": null,
            "custom_fields": {}
        }
    },
    {
        "model": "common.customfield",
        "pk": 1,
        "fields": {
            "content_type": 21,
            "name": "custom_text_field",
            "label": "Custom Text Field",
            "description": "A custom text field",
            "field_type": "text",
            "is_required": true,
            "created_at": "2024-05-20T12:45:20.459Z",
            "updated_at": "2024-05-20T12:45:20.459Z",
            "created_by": null,
            "updated_by": null
        }
    },
    {
        "model": "common.customfield",
        "pk": 2,
        "fields": {
            "content_type": 49,
            "name": "custom_number_field",
            "label": "Custom Number Field",
            "description": "A custom number field",
            "field_type": "number",
            "is_required": false,
            "created_at": "2024-05-20T12:45:20.459Z",
            "updated_at": "2024-05-20T12:45:20.459Z",
            "created_by": null,
            "updated_by": null
        }
    },
    {
        "model": "common.customfield",
        "pk": 3,
        "fields": {
            "content_type": 21,
            "name": "custom_date_field",
            "label": "Custom Date Field",
            "description": "A custom date field",
            "field_type": "date",
            "is_required": true,
            "created_at": "2024-05-20T12:45:20.459Z",
            "updated_at": "2024-05-20T12:45:20.459Z",
            "created_by": null,
            "updated_by": null
        }
    },
    {
        "model": "common.customfield",
        "pk": 4,
        "fields": {
            "content_type": 49,
            "name": "custom_time_field",
            "label": "Custom Time Field",
            "description": "A custom time field",
            "field_type": "time",
            "is_required": false,
            "created_at": "2024-05-20T12:45:20.459Z",
            "updated_at": "2024-05-20T12:45:20.459Z",
            "created_by": null,
            "updated_by": null
        }
    },
    {
        "model": "common.customfield",
        "pk": 5,
        "fields": {
            "content_type": 21,
            "name": "custom_datetime_field",
            "label": "Custom Datetime Field",
            "description": "A custom datetime field",
            "field_type": "datetime-local",
            "is_required": true,
            "created_at": "2024-05-20T12:45:20.459Z",
            "updated_at": "2024-05-20T12:45:20.459Z",
            "created_by": null,
            "updated_by": null
        }
    }

]