job_id,job_name
34336239,06789
34362709,05688-4D04
34512044,05688-4E02
34512035,06836
34437659,01362-3-E11
32876318,04941-2A01
34303653,07376-B01.51
34242983,8777
33842775,08683
33704525,05688-4F02.5
33451655,05688-2A03
33486815,05688-1B01.6 Stand
33386871,05895-1D05 Steam
32809510,04941-F02.3.1
33363480,08436
33332887,05688-4C03.1
33298273,07553-#161
32302131,04941-1D02
33175332,05688-1D06.1
32872854,04941-3C01.2
32872819,04941-1D01.1
32629750,07038-B01.5
32482104,05688-1B01.2
30847044,06478
31306766,04941-1F01
34127949,08394-A07.A
34644278,IC60903
34644219,IC60903
34112100,05688-1C06.1
34330825,05688-5B01.2
34264786,05895-1F02 Fire
33850402,05688-1A13.1
34112167,05688-1D04A
34130477,08782
34044264,05876-115011
33711947,08430
33548375,08498
33591003,07406-01
33577558,07009-V1-01
33432971,08182
33486810,05688-1A03.2 Stand
33276873,IC59733
33257169,05895-1E01.2
31399479,04941-F03.2
32799086,04941-3A03
33119629,05895-1C11
30885117,04692
34758232,03133W
34740967,08943-1
34708981,08934
31306564,04941-3C01
34644289,IC60903
32872809,04941-1A03.1
34122443,07376-A010.1
33630201,05688-2C01.2
33711895,08430
33673960,08511
33432969,08182
33386858,05688-1D06 Steam
32809506,04941-F02.3
33332994,05895-1C03.1
31560018,05876-114231
32273756,04941-2A02
32532084,05688-4B01.2
28072333,06561
34024528,07009-01
33451645,05688-1A05
34747397,05895-3B01 Instru
34696806,08920
30752310,07169-01
34127932,08394-A05
34673642,05895-3A02 Flex
34652495,05688-1C04.5
34479969,05688-1C094 Level
34437597,01362-3-E06
34175909,07376-B01
34336076,07003-1
33842807,08683
33863575,4089W-1-999
33668795,08652
33548251,IC60170
33619239,03015-A02
33487057,05688-1B01.7
33496428,05895-1E01.2 Stand
33421929,07183-D02.2
33152614,05688-3C06.6
33299487,07553-#200
32380257,04941-3D03
33175766,05895-2A03.2
31560198,05876-118051
32631193,05311-01
32266638,07038-B01
31550994,04941
34780755,05895-2D02.2
34789093,08890
34704415,08387
34127914,08394-A03
34127922,08394-A04
34112288,05688-3B03
34182384,07376-B02
34479458,05688-1A01 Level
34365240,07376-B06
34310451,07376-A06
33276866,IC59733
34178239,08203-A01
31560157,05876-117805
34132226,05876-114511.1
33711903,08430
33704499,05688-1F05.2
32920208,08391
33619273,03015-A04
33432954,08182
33486825,05688-2D02.1 Stand
33408285,05688-2A02.3
33273273,07376-A12
32302156,04941-1D04
33175759,05895-1E01.1
32349914,04941-2B01.4
31560025,05876-114245
31560192,05876-118022
32821252,05895-1A04
32482458,05688-4B01.4
30885122,04692
34800384,07376-F03
34551206,05688-1E03
34512033,06836
34122468,07376-A12.1
34367045,05895-3A02 Instru
34312824,04941-2A04.2
34004186,07553-#402
33711924,08430
33366082,04941-2A03
33486835,05688-4F01.2 Stand
33355061,05895-2B01
33175360,05688-4D01.1
33119637,05895-1E01.2
32689263,05688-4F02 Assemb
31718035,05688-1C03
32273784,04941-2A05
32527700,05688-2B01.2
31964857,IC58055
31652579,04941-1A01.2
31438635,04941-3C01.3
31306054,04941-1B01
30384876,06445-DRR01.0
34747402,05895-3B01.2
34652508,05688-4C03.2
34644282,IC60903
34587415,05688-4A05.3
34365153,07376-A09
34565485,8435-A01
34365812,05688-1E02
31560033,05876-114511.4
34365253,07376-B07
34330813,05688-5B01.1
34263388,05688-2A02.1
34112212,05688-1D04B
33719983,IC60295
33762938,08613
33355035,05688-3B01
32379974,04941-3B03
33276869,IC59733
33257059,05895-1A07.1
33256016,05688-1B01.6
33038448,08298
33175752,05895-1D05.1
33052230,07376-B01.1
32815849,07883-A04.C
32872846,04941-2C01.2
32734900,05895-1B01
31765247,05688-1B01
33058935,05688-4B02
34796032,02870i
31560124,05876-115011.3
34644300,IC60903
34675060,05895-Pressure Cyclones
34264007,05688-4A05.1
34627699,05895-2B03
34551446,05688-1D07
34612198,05688-4E03
34123811,07376-B01.6
29528269,04941-2C01
34497962,07293
34129831,07376-F04
34182396,07376-B03
34263177,05688-2B01.7
34213030,IC60682
31560150,05876-117631
33719981,IC60295
33703128,05688-3A02.1
33496423,05895-1C11 Stand
33363487,08436
33363483,08436
33257063,05895-1C11
31306793,04941-2D05
32907503,04941-3D01.1
33175367,05688-4E01.1
33088550,05688-2D02.1
32734934,05895-2C01
32124576,05688-2C01.5
31307497,04941-1F03
31145940,05688-4A01B
31981004,07158-B01
34789090,08890
34763084,07376-B01.2
34707504,05895-1B01.2
34658085,05895-2C01.3
34651748,05895-1A06
33828019,05688-1C04.2
34416820,05876-114511.3
34414375,04941-2A04.3
31186576,05688-2B01
33276863,IC59733
33719989,IC60295
33584599,05688-3C01.3
33366108,04941-2D12.1
33386867,05895-1D01 Steam
32302072,04941-1B04
32830944,04941-1E02
33162903,05876
33088566,05688-4F01.1
32482240,05688-4B01.6
32482237,05688-4B01.5
31653586,04941-1B01.4
31493470,06247-B01
30885134,04692
30885120,04692
30885115,04692
30885113,04692
34711134,08908-106.1
34779942,05688-4B01.9 Over Press
34748486,05895-3A02 Wire
34747078,05688-5B01 Instru
34127888,08394-A02
34127940,08394-A06
33454454,03507-A03.3
34127951,08394-A07.B
34365146,07376-A07.1
28831723,909
34305102,05876-114511
33719975,IC60295
33849827,05895
33711911,08430
33711921,08430
33565973,08498
33449384,08355-01.5
33495933,04186-1F11 - 1F01 Steam
32722515,06478-DDR01.0
33363496,08436
33298265,07553-#142
32804556,04941-3A01
31399488,04941-F03.3
33088435,05688-1C11.1
32502271,04941-1C01
32401220,05688-1C01
30669796,05688-4A03
34127957,08394-A08
34617064,8263
32123835,05688-3C01
34127942,08394-A07
34300453,05688-1F01
34483615,05688-4C02
34310296,07376-A12.2
34264248,05688-4B04
33847506,05688-1A11
33897531,08745
34112137,05688-1D02A-B
33849821,05895-1B01-1
33849833,05895-2C01.2
33711919,08430
33668812,08652
33619283,03015-A05
33366096,04941-2D12
33486830,05688-4A09 Stand
33486820,05688-1C11.1 Stand
33386862,05688-4D01 Steam
33152608,05688-2C01.9
33175325,05688-1D01.1
33119621,05895-1A07
33088558,05688-4A09
31560191,05876-118021
32531916,05688-1A09
31808423,05688-2C01
31764717,05037
34365169,07376-A011
34365266,07376-F02
32984425,05688-4G03
31612572,05688-1C04
33404216,07376-B01.3
34310324,07376-F01
34330583,05688-3D05.1 Inlet
33818800,08497
33763000,08613
33619302,03015-A07.B
33619293,03015-A07
33601765,05688-1A08
33544309,04941-1F08
33371352,04941-3D05
33041126,05876-116021
33496418,05895-1A07 Stand
33377030,05876-114241
33270625,04941-1C03
33299475,07553-#162L
32302196,04941-1E03
32302100,04941-1C06.1
31559998,05876-113911
28998497,04941-2B01
31304422,04941-1A01
34628788,05895-1D02
34745116,05895-1A02
34767850,02870i
34748491,05895-3B01 Wire
34644229,IC60903
34675056,05688-Pressure Cyclones
34306040,7695
34303481,07376-B01.5
34247719,7695
34112258,05688-3A04
34162204,04574-2-D18.3
33719987,IC60295
33719979,IC60295
33842784,08683
31145931,05688-4A01A
33725895,05688-2C01.3
33704248,05688-1B01.3
33668798,08652
33619231,03015-A01-RH
33175339,05688-1E01.1
31560199,05876-118052
32124504,05688-1B01.5
34731145,07376-B04
32920212,08391
34748597,05688-5B01 Wire
34644308,IC60903
34629029,05895-1D06
34413090,07038-B01.2
34365156,07376-A010.2
34315407,08355-03.1
34304442,IC60752
33455650,07268-DK
33487073,05688-2C01.6
33964425,08353
33799990,05688-1A10
33704683,05688-4B01.9
33668809,08652
33366053,04941-1F08.1
33386854,05688-1D01 Steam
33333002,05688-1C04.1
33152602,05688-1B01.9
33276871,IC59733
33248137,05895-1B01.1
31399595,04941-F03.4
33175346,05688-3A03.1
32872830,04941-1E01.2
32561839,05688-4B01.8
30744675,05037-H15-1.2
34742170,08929
34483087,05688-4B01.8-1
34747414,05895-3B01.3
31560127,05876-115023
34658307,05895-1C03.2
34628342,05895-1D04
34367859,08387
34512037,06836
31560137,05876-115041.3
34362467,05688-4D02
33269139,07650-1
34235983,03507-A03.6
33719994,IC60295
33719985,IC60295
33966219,07614W
33762962,08613
33673911,08511
33619265,03015-A03
33495910,04186-1F11 - 1F01 Cond
33038509,08298
33038442,08298
32800958,04941-2D06
33088678,05688-1A03.2
33051430,07650-1.1
31560046,05876-114595
33841432,08206
34644295,IC60903
34483510,05688-4C01.1
34378257,08774
34336113,06789-1
31560140,05876-115051
31560145,05876-117601
34181524,07614W
33842794,08683
34044295,05876-115041
33129746,07183-D02
33768376,05688-3C01.2
33745721,08350
32920210,08391
33548253,IC60170
33619308,03015-A08
33619223,03015-A01-LH
33432963,08182
32689247,05688-1F04 Assemb
33276804,IC59733
33038436,08298
32007604,04941-1A04
32960966,04941-3C02.1
33175745,05895-1D01.1
33175353,05688-4A05.2-1
32872811,04941-1B01.2
32464823,IC59047
31307540,04941-2D07
31437237,04941-1A03
30669751,05688-1A13
